model,accuracy,precision,recall,f1,roc_auc,vocab_size
Answer Only,0.919,0.9500537056928035,0.8845,0.9161056447436562,0.9672966249999999,10000
Question + Answer,0.741,0.7585836909871244,0.707,0.7318840579710145,0.8168501250000001,10000
Full (Knowledge + Q + A),0.643,0.665893271461717,0.574,0.6165413533834586,0.694598875,10000
