{
  "accuracy": {
    "mean": 0.9164375,
    "std": 0.0029530836637318707,
    "min": 0.9134375,
    "max": 0.92,
    "cv": 0.00322235140283093
  },
  "precision": {
    "mean": 0.9467708669164743,
    "std": 0.0041546245016461526,
    "min": 0.9427430093209055,
    "max": 0.9516129032258065,
    "cv": 0.0043882048411325696
  },
  "recall": {
    "mean": 0.8825,
    "std": 0.00293150984988964,
    "min": 0.87875,
    "max": 0.885,
    "cv": 0.0033218241925095076
  },
  "f1": {
    "mean": 0.9135033190017199,
    "std": 0.003006612274332509,
    "min": 0.9103269666558756,
    "max": 0.917098445595855,
    "cv": 0.0032912986869255683
  },
  "roc_auc": {
    "mean": 0.965388515625,
    "std": 0.0036444904586618847,
    "min": 0.9615914062500002,
    "max": 0.9710531250000001,
    "cv": 0.003775154147449551
  }
}