fold,accuracy,precision,recall,f1,roc_auc
1,0.92,0.9516129032258065,0.885,0.917098445595855,0.9657115234375
2,0.9134375,0.9442578912021491,0.87875,0.9103269666558756,0.9628580078125
3,0.9140625,0.9443326626425218,0.88,0.9110320284697508,0.9615914062500002
4,0.9190625,0.9509078681909886,0.88375,0.9160997732426304,0.9710531250000001
5,0.915625,0.9427430093209055,0.885,0.9129593810444874,0.9657285156250001
