Model,Accuracy,Precision,Recall,F1,ROC-AUC
Length-Only Logistic Regression,0.9435,0.9516293279022404,0.9345,0.942986881937437,0.9716515
Answer-Only Logistic Regression (TF-IDF),0.919,0.9500537056928036,0.8845,0.9161056447436562,0.967296625
Answer-Only Logistic Regression (CV Mean),0.9164375,0.9467708669164743,0.8825,0.9135033190017199,0.965388515625
Random Baseline,0.50175,0.5017473789316026,0.5025,0.5021234074444166,0.5
Majority Baseline,0.5,0.0,0.0,0.0,0.5
