{
  "timestamp": "2026-06-12",
  "phase": "pre_release_prep",
  "files": {
    ".gitignore": {
      "size": 529,
      "mtime": 1781187857.400275
    },
    "ablation_study.py": {
      "size": 4642,
      "mtime": 1781243012.7661977
    },
    "analyze_length_statistics.py": {
      "size": 3134,
      "mtime": 1781252444.7181635
    },
    "archive_section.txt": {
      "size": 624,
      "mtime": 1781269959.808074
    },
    "check_leakage.py": {
      "size": 4888,
      "mtime": 1781185190.9856553
    },
    "create_final_comparison.py": {
      "size": 2892,
      "mtime": 1781249731.6456957
    },
    "create_splits.py": {
      "size": 2914,
      "mtime": 1781185495.7960298
    },
    "cross_validation_study.py": {
      "size": 5534,
      "mtime": 1781261985.6380236
    },
    "eda_plots.py": {
      "size": 3094,
      "mtime": 1781184212.2285643
    },
    "evaluate_baselines.py": {
      "size": 3477,
      "mtime": 1781249347.3785655
    },
    "evaluate_length_baseline.py": {
      "size": 4289,
      "mtime": 1781249539.1782367
    },
    "found.txt": {
      "size": 51,
      "mtime": 1781269713.2730205
    },
    "found2.txt": {
      "size": 149,
      "mtime": 1781269769.0344172
    },
    "found_lines.txt": {
      "size": 89,
      "mtime": 1781265538.8569708
    },
    "LICENSE": {
      "size": 1078,
      "mtime": 1781264134.9204524
    },
    "plot_answer_only_confusion_matrix.py": {
      "size": 2305,
      "mtime": 1781251302.9250271
    },
    "plot_answer_only_feature_importance.py": {
      "size": 2470,
      "mtime": 1781251482.6516051
    },
    "plot_answer_only_precision_recall_curve.py": {
      "size": 2632,
      "mtime": 1781251411.2777817
    },
    "plot_answer_only_roc_curve.py": {
      "size": 2460,
      "mtime": 1781251364.757622
    },
    "plot_cv_results.py": {
      "size": 3064,
      "mtime": 1781249055.328272
    },
    "plot_length_boxplot.py": {
      "size": 2972,
      "mtime": 1781252909.9090245
    },
    "plot_length_distribution.py": {
      "size": 2645,
      "mtime": 1781252611.3454373
    },
    "plot_wordcount_distribution.py": {
      "size": 2651,
      "mtime": 1781252757.5062234
    },
    "predict.py": {
      "size": 5022,
      "mtime": 1781264658.4649656
    },
    "README.md": {
      "size": 28351,
      "mtime": 1781269801.6148932
    },
    "repo_report.txt": {
      "size": 4540,
      "mtime": 1781266512.7374477
    },
    "requirements.txt": {
      "size": 148,
      "mtime": 1781187872.8772902
    },
    "save_answer_only_metrics.py": {
      "size": 1675,
      "mtime": 1781253339.202988
    },
    "test.csv": {
      "size": 2119191,
      "mtime": 1781185511.8479326
    },
    "train.csv": {
      "size": 8526655,
      "mtime": 1781185511.7783215
    },
    "train_answer_only.py": {
      "size": 3290,
      "mtime": 1781251203.4185438
    },
    "train_linear_svc.py": {
      "size": 2713,
      "mtime": 1781256897.3898015
    },
    "verify_docs.txt": {
      "size": 1724,
      "mtime": 1781267299.7934363
    },
    "verify_models.txt": {
      "size": 654,
      "mtime": 1781267146.7360115
    },
    "verify_results.txt": {
      "size": 1698,
      "mtime": 1781267233.8847265
    },
    "archive\\create_binary_dataset.py": {
      "size": 1676,
      "mtime": 1781182893.9368756
    },
    "archive\\eda_basic.py": {
      "size": 2550,
      "mtime": 1781183976.6312501
    },
    "archive\\halluciguard_dataset.csv": {
      "size": 10645834,
      "mtime": 1781182943.9968967
    },
    "archive\\inspect_halueval.py": {
      "size": 2157,
      "mtime": 1781181953.6389802
    },
    "archive\\top_words.py": {
      "size": 1203,
      "mtime": 1781184362.4588573
    },
    "archive\\train_baseline.py": {
      "size": 2857,
      "mtime": 1781184842.635237
    },
    "archive\\legacy_fulltext_model\\analyze_errors.py": {
      "size": 5273,
      "mtime": 1781242937.194991
    },
    "archive\\legacy_fulltext_model\\train_baseline_clean.py": {
      "size": 5213,
      "mtime": 1781242831.2631934
    },
    "backup_phase_a\\HalluciGuard_Audit_Report.txt": {
      "size": 27124,
      "mtime": 1781259872.4256454
    },
    "backup_phase_a\\halluciguard_logreg_model.pkl": {
      "size": 80879,
      "mtime": 1781184867.937367
    },
    "backup_phase_a\\halluciguard_tfidf_vectorizer.pkl": {
      "size": 384351,
      "mtime": 1781184868.1506233
    },
    "backup_phase_a\\logistic_model.pkl": {
      "size": 80879,
      "mtime": 1781243064.1401758
    },
    "backup_phase_a\\plot_confusion_matrix.py": {
      "size": 1640,
      "mtime": 1781243693.2050602
    },
    "backup_phase_a\\plot_feature_importance.py": {
      "size": 2414,
      "mtime": 1781244097.3965158
    },
    "backup_phase_a\\plot_precision_recall_curve.py": {
      "size": 1967,
      "mtime": 1781243972.0698645
    },
    "backup_phase_a\\plot_roc_curve.py": {
      "size": 1795,
      "mtime": 1781243859.1293888
    },
    "backup_phase_a\\tfidf_vectorizer.pkl": {
      "size": 384322,
      "mtime": 1781243065.0989392
    },
    "backup_phase_a\\results\\confusion_matrix.png": {
      "size": 105075,
      "mtime": 1781243736.4364004
    },
    "backup_phase_a\\results\\feature_importance.png": {
      "size": 364156,
      "mtime": 1781244114.6263392
    },
    "backup_phase_a\\results\\precision_recall_curve.png": {
      "size": 126354,
      "mtime": 1781243994.605178
    },
    "backup_phase_a\\results\\roc_curve.png": {
      "size": 159899,
      "mtime": 1781243875.4576397
    },
    "eda_outputs\\class_distribution.png": {
      "size": 87732,
      "mtime": 1781184239.7306745
    },
    "eda_outputs\\text_length_histogram.png": {
      "size": 113280,
      "mtime": 1781184241.1367679
    },
    "eda_outputs\\word_count_histogram.png": {
      "size": 103424,
      "mtime": 1781184242.0894015
    },
    "models\\answer_only_model.pkl": {
      "size": 80879,
      "mtime": 1781251238.0018282
    },
    "models\\answer_only_vectorizer.pkl": {
      "size": 382972,
      "mtime": 1781251238.2040517
    },
    "results\\ablation_results.csv": {
      "size": 331,
      "mtime": 1781265936.8205369
    },
    "results\\answer_only_confusion_matrix.png": {
      "size": 97152,
      "mtime": 1781253460.8509555
    },
    "results\\answer_only_feature_importance.png": {
      "size": 365365,
      "mtime": 1781253670.4880116
    },
    "results\\answer_only_metrics.json": {
      "size": 205,
      "mtime": 1781253352.3315706
    },
    "results\\answer_only_metrics.txt": {
      "size": 422,
      "mtime": 1781253352.333073
    },
    "results\\answer_only_precision_recall_curve.png": {
      "size": 116624,
      "mtime": 1781253604.620289
    },
    "results\\answer_only_roc_curve.png": {
      "size": 137496,
      "mtime": 1781253527.1728187
    },
    "results\\answer_only_top_features.csv": {
      "size": 1513,
      "mtime": 1781253667.477312
    },
    "results\\baseline_comparison.csv": {
      "size": 157,
      "mtime": 1781249363.7147417
    },
    "results\\baseline_metrics.json": {
      "size": 232,
      "mtime": 1781243065.1475744
    },
    "results\\baseline_metrics.txt": {
      "size": 419,
      "mtime": 1781243065.1486325
    },
    "results\\boxplot_length_by_class.png": {
      "size": 120378,
      "mtime": 1781252928.809925
    },
    "results\\cross_validation_results.csv": {
      "size": 413,
      "mtime": 1781266005.6697788
    },
    "results\\cross_validation_summary.json": {
      "size": 856,
      "mtime": 1781266005.6747854
    },
    "results\\cross_validation_summary.txt": {
      "size": 848,
      "mtime": 1781266005.6767845
    },
    "results\\cv_f1_distribution.png": {
      "size": 120625,
      "mtime": 1781249080.129778
    },
    "results\\cv_metric_comparison.png": {
      "size": 124073,
      "mtime": 1781249080.926697
    },
    "results\\error_analysis_summary.txt": {
      "size": 2513,